id,name,model_id:id,group_id:id,perm_read,perm_write,perm_create,perm_unlink
access_hr_payroll_structure,hr.payroll.structure,model_hr_payroll_structure,sh_hr_payroll.group_hr_payroll_user,1,1,1,1
access_hr_payroll_structure_hr_user,hr.payroll.structure.hr.user,model_hr_payroll_structure,hr.group_hr_user,1,0,0,0
access_hr_contribution_register,hr.contribution.register,model_hr_contribution_register,sh_hr_payroll.group_hr_payroll_user,1,1,1,1
access_hr_salary_rule_category,hr.salary.rule.category,model_hr_salary_rule_category,sh_hr_payroll.group_hr_payroll_user,1,1,1,1
access_hr_payslip,hr.payslip,model_hr_payslip,sh_hr_payroll.group_hr_payroll_user,1,1,1,1
access_hr_payslip_line,hr.payslip.line,model_hr_payslip_line,sh_hr_payroll.group_hr_payroll_user,1,1,1,1
access_hr_payslip_input_user,hr.payslip.input.user,model_hr_payslip_input,sh_hr_payroll.group_hr_payroll_user,1,1,1,1
access_hr_payslip_worked_days_officer,hr.payslip.worked_days.officer,model_hr_payslip_worked_days,sh_hr_payroll.group_hr_payroll_user,1,1,1,1
access_hr_payslip_run,hr.payslip.run,model_hr_payslip_run,sh_hr_payroll.group_hr_payroll_manager,1,1,1,1
access_hr_rule_input_officer,hr.rule.input.office,model_hr_rule_input,sh_hr_payroll.group_hr_payroll_user,1,1,1,1
access_hr_salary_rule_user,hr.salary.rule.user,model_hr_salary_rule,sh_hr_payroll.group_hr_payroll_user,1,1,1,1
access_hr_contract_advantage_template,hr.contract.advantage.template.user,model_hr_contract_advantage_template,sh_hr_payroll.group_hr_payroll_user,1,1,1,1
access_hr_contract_advantage_template_hr_user,hr.contract.advantage.template.hr.user,model_hr_contract_advantage_template,hr.group_hr_user,1,0,0,0
access_hr_payslip_employees,access_hr_payslip_employees,model_hr_payslip_employees,base.group_user,1,1,1,1
access_payslip_lines_contribution_register,access_payslip_lines_contribution_register,model_payslip_lines_contribution_register,base.group_user,1,1,1,1